,X1,X2,X3,X4,X5,X6,X7,X8,Actual Heating Load,Actual Cooling Load,Predicted Heating Load,Predicted Cooling Load
0,0.98,514.5,294.0,110.25,7.0,2,0.0,0,15.55,21.33,22.964656455973,25.893536918606856
1,0.98,514.5,294.0,110.25,7.0,3,0.0,0,15.55,21.33,22.93447398270245,26.01989789425213
2,0.98,514.5,294.0,110.25,7.0,4,0.0,0,15.55,21.33,22.9042915094319,26.146258869897398
3,0.98,514.5,294.0,110.25,7.0,5,0.0,0,15.55,21.33,22.874109036161354,26.272619845542668
4,0.9,563.5,318.5,122.5,7.0,2,0.0,0,20.84,28.28,25.162071362264335,28.12033289605222
5,0.9,563.5,318.5,122.5,7.0,3,0.0,0,21.46,25.38,25.13188888899379,28.246693871697488
6,0.9,563.5,318.5,122.5,7.0,4,0.0,0,20.71,25.16,25.10170641572324,28.37305484734276
7,0.9,563.5,318.5,122.5,7.0,5,0.0,0,19.68,29.6,25.07152394245269,28.49941582298803
8,0.86,588.0,294.0,147.0,7.0,2,0.0,0,19.5,27.3,23.925962152435524,27.310910969164237
9,0.86,588.0,294.0,147.0,7.0,3,0.0,0,19.95,21.97,23.895779679164978,27.43727194480951
10,0.86,588.0,294.0,147.0,7.0,4,0.0,0,19.34,23.49,23.865597205894428,27.56363292045478
11,0.86,588.0,294.0,147.0,7.0,5,0.0,0,18.31,27.87,23.835414732623878,27.68999389610005
12,0.82,612.5,318.5,147.0,7.0,2,0.0,0,17.05,23.77,25.80294182657269,29.065248929757143
13,0.82,612.5,318.5,147.0,7.0,3,0.0,0,17.41,21.46,25.772759353302142,29.191609905402416
14,0.82,612.5,318.5,147.0,7.0,4,0.0,0,16.95,21.16,25.742576880031592,29.317970881047685
15,0.82,612.5,318.5,147.0,7.0,5,0.0,0,15.98,24.93,25.712394406761046,29.444331856692955
16,0.79,637.0,343.0,147.0,7.0,2,0.0,0,28.52,37.73,27.071415049083924,30.101137855799692
17,0.79,637.0,343.0,147.0,7.0,3,0.0,0,29.9,31.27,27.04123257581338,30.22749883144496
18,0.79,637.0,343.0,147.0,7.0,4,0.0,0,29.63,30.93,27.01105010254283,30.35385980709023
19,0.79,637.0,343.0,147.0,7.0,5,0.0,0,28.75,39.44,26.980867629272282,30.480220782735504
20,0.76,661.5,416.5,122.5,7.0,2,0.0,0,24.77,29.79,31.452977155561143,33.700786669323136
21,0.76,661.5,416.5,122.5,7.0,3,0.0,0,23.93,29.68,31.422794682290597,33.827147644968406
22,0.76,661.5,416.5,122.5,7.0,4,0.0,0,24.77,29.79,31.392612209020047,33.953508620613675
23,0.76,661.5,416.5,122.5,7.0,5,0.0,0,23.93,29.4,31.3624297357495,34.079869596258945
24,0.74,686.0,245.0,220.5,3.5,2,0.0,0,6.07,10.9,5.592800008406545,10.387777553311594
25,0.74,686.0,245.0,220.5,3.5,3,0.0,0,6.05,11.19,5.562617535135999,10.514138528956865
26,0.74,686.0,245.0,220.5,3.5,4,0.0,0,6.01,10.94,5.532435061865449,10.640499504602136
27,0.74,686.0,245.0,220.5,3.5,5,0.0,0,6.04,11.17,5.502252588594903,10.766860480247407
28,0.71,710.5,269.5,220.5,3.5,2,0.0,0,6.37,11.27,6.861273230917789,11.42366647935415
29,0.71,710.5,269.5,220.5,3.5,3,0.0,0,6.4,11.72,6.831090757647241,11.550027454999421
30,0.71,710.5,269.5,220.5,3.5,4,0.0,0,6.37,11.29,6.800908284376693,11.67638843064469
31,0.71,710.5,269.5,220.5,3.5,5,0.0,0,6.4,11.67,6.770725811106145,11.802749406289962
32,0.69,735.0,294.0,220.5,3.5,2,0.0,0,6.85,11.74,7.521240001803104,11.741106370846357
33,0.69,735.0,294.0,220.5,3.5,3,0.0,0,6.79,12.05,7.491057528532556,11.867467346491626
34,0.69,735.0,294.0,220.5,3.5,4,0.0,0,6.77,11.73,7.460875055262006,11.993828322136897
35,0.69,735.0,294.0,220.5,3.5,5,0.0,0,6.81,11.93,7.430692581991458,12.120189297782167
36,0.66,759.5,318.5,220.5,3.5,2,0.0,0,7.18,12.4,8.789713224314342,12.776995296888902
37,0.66,759.5,318.5,220.5,3.5,3,0.0,0,7.1,12.23,8.759530751043792,12.903356272534172
38,0.66,759.5,318.5,220.5,3.5,4,0.0,0,7.1,12.4,8.729348277773243,13.029717248179443
39,0.66,759.5,318.5,220.5,3.5,5,0.0,0,7.1,12.14,8.699165804502694,13.156078223824712
40,0.64,784.0,343.0,220.5,3.5,2,0.0,0,10.85,16.78,9.449679995199658,13.094435188381105
41,0.64,784.0,343.0,220.5,3.5,3,0.0,0,10.54,16.8,9.419497521929108,13.220796164026375
42,0.64,784.0,343.0,220.5,3.5,4,0.0,0,10.77,16.75,9.389315048658558,13.347157139671646
43,0.64,784.0,343.0,220.5,3.5,5,0.0,0,10.56,16.67,9.35913257538801,13.473518115316915
44,0.62,808.5,367.5,220.5,3.5,2,0.0,0,8.6,12.07,10.109646766084971,13.411875079873308
45,0.62,808.5,367.5,220.5,3.5,3,0.0,0,8.49,12.22,10.079464292814423,13.538236055518578
46,0.62,808.5,367.5,220.5,3.5,4,0.0,0,8.45,12.08,10.049281819543873,13.664597031163849
47,0.62,808.5,367.5,220.5,3.5,5,0.0,0,8.5,12.04,10.019099346273325,13.790958006809118
48,0.98,514.5,294.0,110.25,7.0,2,0.1,1,24.58,26.47,25.135701984199205,27.42541584506822
49,0.98,514.5,294.0,110.25,7.0,3,0.1,1,24.63,26.37,25.105519510928655,27.55177682071349
50,0.98,514.5,294.0,110.25,7.0,4,0.1,1,24.63,26.44,25.075337037658105,27.678137796358758
51,0.98,514.5,294.0,110.25,7.0,5,0.1,1,24.59,26.29,25.04515456438756,27.804498772004028
52,0.9,563.5,318.5,122.5,7.0,2,0.1,1,29.03,32.92,27.333116890490544,29.65221182251358
53,0.9,563.5,318.5,122.5,7.0,3,0.1,1,29.87,29.87,27.302934417219994,29.77857279815885
54,0.9,563.5,318.5,122.5,7.0,4,0.1,1,29.14,29.58,27.272751943949444,29.90493377380412
55,0.9,563.5,318.5,122.5,7.0,5,0.1,1,28.09,34.33,27.242569470678895,30.03129474944939
56,0.86,588.0,294.0,147.0,7.0,2,0.1,1,26.28,30.89,26.097007680661733,28.8427898956256
57,0.86,588.0,294.0,147.0,7.0,3,0.1,1,26.91,25.6,26.066825207391183,28.96915087127087
58,0.86,588.0,294.0,147.0,7.0,4,0.1,1,26.37,27.03,26.036642734120633,29.09551184691614
59,0.86,588.0,294.0,147.0,7.0,5,0.1,1,25.27,31.73,26.006460260850083,29.22187282256141
60,0.82,612.5,318.5,147.0,7.0,2,0.1,1,23.53,27.31,27.973987354798897,30.597127856218506
61,0.82,612.5,318.5,147.0,7.0,3,0.1,1,24.03,24.91,27.94380488152835,30.723488831863776
62,0.82,612.5,318.5,147.0,7.0,4,0.1,1,23.54,24.61,27.9136224082578,30.849849807509045
63,0.82,612.5,318.5,147.0,7.0,5,0.1,1,22.58,28.51,27.88343993498725,30.976210783154315
64,0.79,637.0,343.0,147.0,7.0,2,0.1,1,35.56,41.68,29.242460577310133,31.633016782261052
65,0.79,637.0,343.0,147.0,7.0,3,0.1,1,37.12,35.28,29.212278104039584,31.75937775790632
66,0.79,637.0,343.0,147.0,7.0,4,0.1,1,36.9,34.43,29.182095630769034,31.88573873355159
67,0.79,637.0,343.0,147.0,7.0,5,0.1,1,35.94,43.33,29.151913157498484,32.01209970919686
68,0.76,661.5,416.5,122.5,7.0,2,0.1,1,32.96,33.87,33.62402268378735,35.232665595784496
69,0.76,661.5,416.5,122.5,7.0,3,0.1,1,32.12,34.07,33.5938402105168,35.359026571429766
70,0.76,661.5,416.5,122.5,7.0,4,0.1,1,32.94,34.14,33.56365773724625,35.485387547075035
71,0.76,661.5,416.5,122.5,7.0,5,0.1,1,32.21,33.67,33.5334752639757,35.611748522720305
72,0.74,686.0,245.0,220.5,3.5,2,0.1,1,10.36,13.43,7.763845536632754,11.919656479772954
73,0.74,686.0,245.0,220.5,3.5,3,0.1,1,10.43,13.71,7.733663063362206,12.046017455418225
74,0.74,686.0,245.0,220.5,3.5,4,0.1,1,10.36,13.48,7.703480590091656,12.172378431063496
75,0.74,686.0,245.0,220.5,3.5,5,0.1,1,10.39,13.7,7.67329811682111,12.298739406708767
76,0.71,710.5,269.5,220.5,3.5,2,0.1,1,10.71,13.8,9.032318759143996,12.95554540581551
77,0.71,710.5,269.5,220.5,3.5,3,0.1,1,10.8,14.28,9.002136285873448,13.081906381460781
78,0.71,710.5,269.5,220.5,3.5,4,0.1,1,10.7,13.87,8.971953812602898,13.20826735710605
79,0.71,710.5,269.5,220.5,3.5,5,0.1,1,10.75,14.27,8.941771339332352,13.334628332751322
80,0.69,735.0,294.0,220.5,3.5,2,0.1,1,11.11,14.28,9.692285530029311,13.272985297307713
81,0.69,735.0,294.0,220.5,3.5,3,0.1,1,11.13,14.61,9.662103056758763,13.399346272952984
82,0.69,735.0,294.0,220.5,3.5,4,0.1,1,11.09,14.3,9.631920583488213,13.525707248598254
83,0.69,735.0,294.0,220.5,3.5,5,0.1,1,11.16,14.45,9.601738110217664,13.652068224243525
84,0.66,759.5,318.5,220.5,3.5,2,0.1,1,11.68,13.9,10.960758752540547,14.308874223350262
85,0.66,759.5,318.5,220.5,3.5,3,0.1,1,11.69,13.72,10.930576279269998,14.435235198995532
86,0.66,759.5,318.5,220.5,3.5,4,0.1,1,11.7,13.88,10.90039380599945,14.561596174640803
87,0.66,759.5,318.5,220.5,3.5,5,0.1,1,11.69,13.65,10.870211332728902,14.687957150286072
88,0.64,784.0,343.0,220.5,3.5,2,0.1,1,15.41,19.37,11.620725523425863,14.626314114842465
89,0.64,784.0,343.0,220.5,3.5,3,0.1,1,15.2,19.43,11.590543050155313,14.752675090487735
90,0.64,784.0,343.0,220.5,3.5,4,0.1,1,15.42,19.34,11.560360576884763,14.879036066133006
91,0.64,784.0,343.0,220.5,3.5,5,0.1,1,15.21,19.32,11.530178103614217,15.005397041778275
92,0.62,808.5,367.5,220.5,3.5,2,0.1,1,12.96,14.34,12.280692294311178,14.943754006334668
93,0.62,808.5,367.5,220.5,3.5,3,0.1,1,12.97,14.5,12.250509821040628,15.070114981979938
94,0.62,808.5,367.5,220.5,3.5,4,0.1,1,12.93,14.33,12.220327347770079,15.196475957625209
95,0.62,808.5,367.5,220.5,3.5,5,0.1,1,13.02,14.27,12.190144874499532,15.32283693327048
96,0.98,514.5,294.0,110.25,7.0,2,0.1,2,24.29,25.95,25.3773622524529,27.534210111243105
97,0.98,514.5,294.0,110.25,7.0,3,0.1,2,24.31,25.63,25.347179779182355,27.660571086888375
98,0.98,514.5,294.0,110.25,7.0,4,0.1,2,24.13,26.13,25.316997305911805,27.786932062533648
99,0.98,514.5,294.0,110.25,7.0,5,0.1,2,24.25,25.89,25.286814832641255,27.913293038178917
100,0.9,563.5,318.5,122.5,7.0,2,0.1,2,28.88,32.54,27.57477715874424,29.761006088688468
101,0.9,563.5,318.5,122.5,7.0,3,0.1,2,29.68,29.44,27.54459468547369,29.887367064333738
102,0.9,563.5,318.5,122.5,7.0,4,0.1,2,28.83,29.36,27.51441221220314,30.01372803997901
103,0.9,563.5,318.5,122.5,7.0,5,0.1,2,27.9,34.2,27.48422973893259,30.14008901562428
104,0.86,588.0,294.0,147.0,7.0,2,0.1,2,26.48,30.91,26.33866794891543,28.951584161800486
105,0.86,588.0,294.0,147.0,7.0,3,0.1,2,27.02,25.63,26.30848547564488,29.077945137445756
106,0.86,588.0,294.0,147.0,7.0,4,0.1,2,26.33,27.36,26.27830300237433,29.20430611309103
107,0.86,588.0,294.0,147.0,7.0,5,0.1,2,25.36,31.9,26.24812052910378,29.3306670887363
108,0.82,612.5,318.5,147.0,7.0,2,0.1,2,23.75,27.38,28.215647623052597,30.705922122393392
109,0.82,612.5,318.5,147.0,7.0,3,0.1,2,24.23,25.02,28.185465149782047,30.832283098038666
110,0.82,612.5,318.5,147.0,7.0,4,0.1,2,23.67,24.8,28.155282676511497,30.958644073683935
111,0.82,612.5,318.5,147.0,7.0,5,0.1,2,22.79,28.79,28.125100203240947,31.085005049329204
112,0.79,637.0,343.0,147.0,7.0,2,0.1,2,35.65,41.07,29.48412084556383,31.74181104843594
113,0.79,637.0,343.0,147.0,7.0,3,0.1,2,37.26,34.62,29.45393837229328,31.86817202408121
114,0.79,637.0,343.0,147.0,7.0,4,0.1,2,36.97,33.87,29.42375589902273,31.99453299972648
115,0.79,637.0,343.0,147.0,7.0,5,0.1,2,36.03,42.86,29.393573425752184,32.12089397537175
116,0.76,661.5,416.5,122.5,7.0,2,0.1,2,33.16,33.91,33.86568295204105,35.34145986195938
117,0.76,661.5,416.5,122.5,7.0,3,0.1,2,32.4,34.07,33.8355004787705,35.46782083760465
118,0.76,661.5,416.5,122.5,7.0,4,0.1,2,33.12,34.17,33.80531800549995,35.594181813249925
119,0.76,661.5,416.5,122.5,7.0,5,0.1,2,32.41,33.78,33.7751355322294,35.720542788895195
120,0.74,686.0,245.0,220.5,3.5,2,0.1,2,10.42,13.39,8.00550580488645,12.028450745947843
121,0.74,686.0,245.0,220.5,3.5,3,0.1,2,10.46,13.72,7.975323331615902,12.154811721593113
122,0.74,686.0,245.0,220.5,3.5,4,0.1,2,10.32,13.57,7.945140858345352,12.281172697238386
123,0.74,686.0,245.0,220.5,3.5,5,0.1,2,10.45,13.79,7.914958385074806,12.407533672883655
124,0.71,710.5,269.5,220.5,3.5,2,0.1,2,10.64,13.67,9.273979027397692,13.0643396719904
125,0.71,710.5,269.5,220.5,3.5,3,0.1,2,10.72,14.11,9.243796554127144,13.19070064763567
126,0.71,710.5,269.5,220.5,3.5,4,0.1,2,10.55,13.8,9.213614080856594,13.31706162328094
127,0.71,710.5,269.5,220.5,3.5,5,0.1,2,10.68,14.21,9.183431607586048,13.44342259892621
128,0.69,735.0,294.0,220.5,3.5,2,0.1,2,11.45,13.2,9.933945798283007,13.381779563482603
129,0.69,735.0,294.0,220.5,3.5,3,0.1,2,11.46,13.54,9.90376332501246,13.508140539127872
130,0.69,735.0,294.0,220.5,3.5,4,0.1,2,11.32,13.32,9.87358085174191,13.634501514773143
131,0.69,735.0,294.0,220.5,3.5,5,0.1,2,11.49,13.51,9.84339837847136,13.760862490418413
132,0.66,759.5,318.5,220.5,3.5,2,0.1,2,11.45,14.86,11.202419020794244,14.41766848952515
133,0.66,759.5,318.5,220.5,3.5,3,0.1,2,11.42,14.75,11.172236547523696,14.544029465170421
134,0.66,759.5,318.5,220.5,3.5,4,0.1,2,11.33,15.0,11.142054074253146,14.67039044081569
135,0.66,759.5,318.5,220.5,3.5,5,0.1,2,11.43,14.74,11.111871600982598,14.796751416460962
136,0.64,784.0,343.0,220.5,3.5,2,0.1,2,15.41,19.23,11.862385791679559,14.735108381017353
137,0.64,784.0,343.0,220.5,3.5,3,0.1,2,15.18,19.34,11.83220331840901,14.861469356662624
138,0.64,784.0,343.0,220.5,3.5,4,0.1,2,15.34,19.32,11.802020845138461,14.987830332307894
139,0.64,784.0,343.0,220.5,3.5,5,0.1,2,15.19,19.3,11.771838371867913,15.114191307953165
140,0.62,808.5,367.5,220.5,3.5,2,0.1,2,12.88,14.37,12.522352562564874,15.052548272509556
141,0.62,808.5,367.5,220.5,3.5,3,0.1,2,13.0,14.57,12.492170089294326,15.178909248154827
142,0.62,808.5,367.5,220.5,3.5,4,0.1,2,12.97,14.27,12.461987616023777,15.305270223800099
143,0.62,808.5,367.5,220.5,3.5,5,0.1,2,13.04,14.24,12.431805142753229,15.431631199445368
144,0.98,514.5,294.0,110.25,7.0,2,0.1,3,24.28,25.68,25.6190225207066,27.643004377417995
145,0.98,514.5,294.0,110.25,7.0,3,0.1,3,24.4,26.02,25.58884004743605,27.769365353063264
146,0.98,514.5,294.0,110.25,7.0,4,0.1,3,24.11,25.84,25.5586575741655,27.895726328708534
147,0.98,514.5,294.0,110.25,7.0,5,0.1,3,24.35,26.14,25.52847510089495,28.022087304353807
148,0.9,563.5,318.5,122.5,7.0,2,0.1,3,28.07,34.14,27.816437426997936,29.869800354863358
149,0.9,563.5,318.5,122.5,7.0,3,0.1,3,29.01,32.85,27.786254953727386,29.996161330508627
150,0.9,563.5,318.5,122.5,7.0,4,0.1,3,29.62,30.08,27.756072480456837,30.122522306153897
151,0.9,563.5,318.5,122.5,7.0,5,0.1,3,29.05,29.67,27.72589000718629,30.248883281799166
152,0.86,588.0,294.0,147.0,7.0,2,0.1,3,25.41,31.73,26.580328217169125,29.060378427975376
153,0.86,588.0,294.0,147.0,7.0,3,0.1,3,26.47,31.01,26.550145743898575,29.186739403620646
154,0.86,588.0,294.0,147.0,7.0,4,0.1,3,26.89,25.9,26.519963270628025,29.313100379265915
155,0.86,588.0,294.0,147.0,7.0,5,0.1,3,26.46,27.4,26.48978079735748,29.439461354911188
156,0.82,612.5,318.5,147.0,7.0,2,0.1,3,22.93,28.68,28.457307891306293,30.814716388568282
157,0.82,612.5,318.5,147.0,7.0,3,0.1,3,23.84,27.54,28.427125418035743,30.94107736421355
158,0.82,612.5,318.5,147.0,7.0,4,0.1,3,24.17,25.35,28.396942944765193,31.06743833985882
159,0.82,612.5,318.5,147.0,7.0,5,0.1,3,23.87,24.93,28.366760471494647,31.193799315504094
160,0.79,637.0,343.0,147.0,7.0,2,0.1,3,35.78,43.12,29.725781113817526,31.850605314610828
161,0.79,637.0,343.0,147.0,7.0,3,0.1,3,35.48,41.22,29.695598640546976,31.9769662902561
162,0.79,637.0,343.0,147.0,7.0,4,0.1,3,36.97,35.1,29.66541616727643,32.10332726590137
163,0.79,637.0,343.0,147.0,7.0,5,0.1,3,36.7,34.29,29.63523369400588,32.22968824154664
164,0.76,661.5,416.5,122.5,7.0,2,0.1,3,32.52,33.85,34.107343220294744,35.45025412813427
165,0.76,661.5,416.5,122.5,7.0,3,0.1,3,33.28,34.11,34.077160747024195,35.576615103779545
166,0.76,661.5,416.5,122.5,7.0,4,0.1,3,32.33,34.48,34.04697827375365,35.702976079424815
167,0.76,661.5,416.5,122.5,7.0,5,0.1,3,33.24,34.5,34.0167958004831,35.829337055070084
168,0.74,686.0,245.0,220.5,3.5,2,0.1,3,10.39,13.6,8.247166073140148,12.137245012122731
169,0.74,686.0,245.0,220.5,3.5,3,0.1,3,10.34,13.36,8.2169835998696,12.263605987768
170,0.74,686.0,245.0,220.5,3.5,4,0.1,3,10.35,13.65,8.186801126599052,12.389966963413274
171,0.74,686.0,245.0,220.5,3.5,5,0.1,3,10.38,13.49,8.156618653328504,12.516327939058545
172,0.71,710.5,269.5,220.5,3.5,2,0.1,3,10.77,14.14,9.51563929565139,13.173133938165288
173,0.71,710.5,269.5,220.5,3.5,3,0.1,3,10.68,13.77,9.485456822380844,13.299494913810559
174,0.71,710.5,269.5,220.5,3.5,4,0.1,3,10.68,14.3,9.455274349110294,13.425855889455828
175,0.71,710.5,269.5,220.5,3.5,5,0.1,3,10.7,13.87,9.425091875839746,13.5522168651011
176,0.69,735.0,294.0,220.5,3.5,2,0.1,3,11.22,14.44,10.175606066536705,13.49057382965749
177,0.69,735.0,294.0,220.5,3.5,3,0.1,3,11.16,14.27,10.145423593266159,13.616934805302762
178,0.69,735.0,294.0,220.5,3.5,4,0.1,3,11.1,14.67,10.11524111999561,13.743295780948031
179,0.69,735.0,294.0,220.5,3.5,5,0.1,3,11.14,14.4,10.08505864672506,13.869656756593303
180,0.66,759.5,318.5,220.5,3.5,2,0.1,3,11.59,13.46,11.444079289047943,14.52646275570004
181,0.66,759.5,318.5,220.5,3.5,3,0.1,3,11.6,13.7,11.413896815777393,14.65282373134531
182,0.66,759.5,318.5,220.5,3.5,4,0.1,3,11.53,13.59,11.383714342506844,14.77918470699058
183,0.66,759.5,318.5,220.5,3.5,5,0.1,3,11.61,13.83,11.353531869236296,14.90554568263585
184,0.64,784.0,343.0,220.5,3.5,2,0.1,3,15.16,19.14,12.104046059933259,14.843902647192243
185,0.64,784.0,343.0,220.5,3.5,3,0.1,3,15.36,19.18,12.073863586662709,14.970263622837512
186,0.64,784.0,343.0,220.5,3.5,4,0.1,3,15.12,19.37,12.043681113392159,15.096624598482784
187,0.64,784.0,343.0,220.5,3.5,5,0.1,3,15.36,19.29,12.013498640121611,15.222985574128053
188,0.62,808.5,367.5,220.5,3.5,2,0.1,3,12.68,14.09,12.764012830818572,15.161342538684446
189,0.62,808.5,367.5,220.5,3.5,3,0.1,3,12.63,14.23,12.733830357548024,15.287703514329715
190,0.62,808.5,367.5,220.5,3.5,4,0.1,3,12.71,14.14,12.703647884277474,15.414064489974987
191,0.62,808.5,367.5,220.5,3.5,5,0.1,3,12.73,13.89,12.673465411006925,15.540425465620256
192,0.98,514.5,294.0,110.25,7.0,2,0.1,4,24.38,25.91,25.860682788960297,27.751798643592885
193,0.98,514.5,294.0,110.25,7.0,3,0.1,4,24.23,25.72,25.830500315689747,27.878159619238154
194,0.98,514.5,294.0,110.25,7.0,4,0.1,4,24.04,26.18,25.800317842419197,28.004520594883424
195,0.98,514.5,294.0,110.25,7.0,5,0.1,4,24.32,25.87,25.77013536914865,28.130881570528693
196,0.9,563.5,318.5,122.5,7.0,2,0.1,4,29.06,29.34,28.058097695251632,29.978594621038248
197,0.9,563.5,318.5,122.5,7.0,3,0.1,4,28.05,33.91,28.027915221981086,30.104955596683517
198,0.9,563.5,318.5,122.5,7.0,4,0.1,4,28.86,32.83,27.997732748710536,30.231316572328787
199,0.9,563.5,318.5,122.5,7.0,5,0.1,4,29.79,29.92,27.967550275439987,30.357677547974056
200,0.86,588.0,294.0,147.0,7.0,2,0.1,4,26.44,27.17,26.82198848542282,29.169172694150262
201,0.86,588.0,294.0,147.0,7.0,3,0.1,4,25.37,31.76,26.791806012152275,29.29553366979553
202,0.86,588.0,294.0,147.0,7.0,4,0.1,4,26.33,31.06,26.761623538881725,29.421894645440805
203,0.86,588.0,294.0,147.0,7.0,5,0.1,4,27.03,25.81,26.731441065611175,29.548255621086074
204,0.82,612.5,318.5,147.0,7.0,2,0.1,4,23.8,24.61,28.69896815955999,30.92351065474317
205,0.82,612.5,318.5,147.0,7.0,3,0.1,4,22.8,28.61,28.66878568628944,31.04987163038844
206,0.82,612.5,318.5,147.0,7.0,4,0.1,4,23.59,27.57,28.63860321301889,31.17623260603371
207,0.82,612.5,318.5,147.0,7.0,5,0.1,4,24.24,25.16,28.608420739748343,31.30259358167898
208,0.79,637.0,343.0,147.0,7.0,2,0.1,4,36.86,34.25,29.96744138207122,31.959399580785718
209,0.79,637.0,343.0,147.0,7.0,3,0.1,4,35.89,43.3,29.937258908800676,32.08576055643099
210,0.79,637.0,343.0,147.0,7.0,4,0.1,4,35.45,41.86,29.907076435530126,32.21212153207626
211,0.79,637.0,343.0,147.0,7.0,5,0.1,4,37.1,35.29,29.876893962259576,32.33848250772153
212,0.76,661.5,416.5,122.5,7.0,2,0.1,4,33.08,34.11,34.34900348854844,35.55904839430916
213,0.76,661.5,416.5,122.5,7.0,3,0.1,4,32.38,33.62,34.31882101527789,35.68540936995443
214,0.76,661.5,416.5,122.5,7.0,4,0.1,4,33.09,33.89,34.28863854200735,35.811770345599705
215,0.76,661.5,416.5,122.5,7.0,5,0.1,4,32.31,34.05,34.2584560687368,35.938131321244974
216,0.74,686.0,245.0,220.5,3.5,2,0.1,4,10.08,13.2,8.488826341393844,12.24603927829762
217,0.74,686.0,245.0,220.5,3.5,3,0.1,4,10.15,13.36,8.458643868123298,12.37240025394289
218,0.74,686.0,245.0,220.5,3.5,4,0.1,4,10.07,13.21,8.428461394852748,12.498761229588164
219,0.74,686.0,245.0,220.5,3.5,5,0.1,4,10.14,13.53,8.3982789215822,12.625122205233433
220,0.71,710.5,269.5,220.5,3.5,2,0.1,4,10.66,13.67,9.757299563905086,13.281928204340177
221,0.71,710.5,269.5,220.5,3.5,3,0.1,4,10.68,14.12,9.72711709063454,13.408289179985447
222,0.71,710.5,269.5,220.5,3.5,4,0.1,4,10.53,13.79,9.69693461736399,13.534650155630718
223,0.71,710.5,269.5,220.5,3.5,5,0.1,4,10.72,14.2,9.666752144093442,13.661011131275988
224,0.69,735.0,294.0,220.5,3.5,2,0.1,4,11.18,14.29,10.417266334790401,13.59936809583238
225,0.69,735.0,294.0,220.5,3.5,3,0.1,4,11.22,14.49,10.387083861519855,13.72572907147765
226,0.69,735.0,294.0,220.5,3.5,4,0.1,4,11.07,14.42,10.356901388249305,13.852090047122921
227,0.69,735.0,294.0,220.5,3.5,5,0.1,4,11.2,14.73,10.326718914978755,13.97845102276819
228,0.66,759.5,318.5,220.5,3.5,2,0.1,4,11.44,14.86,11.68573955730164,14.635257021874928
229,0.66,759.5,318.5,220.5,3.5,3,0.1,4,11.42,14.67,11.65555708403109,14.761617997520199
230,0.66,759.5,318.5,220.5,3.5,4,0.1,4,11.33,15.0,11.62537461076054,14.887978973165469
231,0.66,759.5,318.5,220.5,3.5,5,0.1,4,11.43,14.83,11.595192137489992,15.01433994881074
232,0.64,784.0,343.0,220.5,3.5,2,0.1,4,15.4,19.24,12.345706328186955,14.95269691336713
233,0.64,784.0,343.0,220.5,3.5,3,0.1,4,15.19,19.25,12.315523854916405,15.079057889012402
234,0.64,784.0,343.0,220.5,3.5,4,0.1,4,15.32,19.42,12.285341381645855,15.205418864657672
235,0.64,784.0,343.0,220.5,3.5,5,0.1,4,15.16,19.48,12.255158908375307,15.331779840302943
236,0.62,808.5,367.5,220.5,3.5,2,0.1,4,12.85,14.37,13.00567309907227,15.270136804859334
237,0.62,808.5,367.5,220.5,3.5,3,0.1,4,13.04,14.34,12.97549062580172,15.396497780504603
238,0.62,808.5,367.5,220.5,3.5,4,0.1,4,13.0,14.28,12.94530815253117,15.522858756149875
239,0.62,808.5,367.5,220.5,3.5,5,0.1,4,13.0,14.47,12.915125679260623,15.649219731795146
240,0.98,514.5,294.0,110.25,7.0,2,0.1,5,24.35,25.64,26.102343057213993,27.86059290976777
241,0.98,514.5,294.0,110.25,7.0,3,0.1,5,24.33,25.98,26.072160583943443,27.98695388541304
242,0.98,514.5,294.0,110.25,7.0,4,0.1,5,24.03,25.88,26.041978110672893,28.113314861058313
243,0.98,514.5,294.0,110.25,7.0,5,0.1,5,24.26,26.18,26.011795637402347,28.239675836703583
244,0.9,563.5,318.5,122.5,7.0,2,0.1,5,29.83,29.82,28.299757963505332,30.087388887213134
245,0.9,563.5,318.5,122.5,7.0,3,0.1,5,29.08,29.52,28.269575490234782,30.213749862858403
246,0.9,563.5,318.5,122.5,7.0,4,0.1,5,28.03,34.45,28.239393016964232,30.340110838503676
247,0.9,563.5,318.5,122.5,7.0,5,0.1,5,29.02,33.01,28.209210543693686,30.466471814148946
248,0.86,588.0,294.0,147.0,7.0,2,0.1,5,27.03,25.82,27.063648753676517,29.277966960325152
249,0.86,588.0,294.0,147.0,7.0,3,0.1,5,26.45,27.33,27.03346628040597,29.40432793597042
250,0.86,588.0,294.0,147.0,7.0,4,0.1,5,25.36,32.04,27.00328380713542,29.53068891161569
251,0.86,588.0,294.0,147.0,7.0,5,0.1,5,26.45,31.28,26.97310133386487,29.657049887260964
252,0.82,612.5,318.5,147.0,7.0,2,0.1,5,24.37,25.11,28.940628427813685,31.032304920918058
253,0.82,612.5,318.5,147.0,7.0,3,0.1,5,23.89,24.77,28.91044595454314,31.158665896563328
254,0.82,612.5,318.5,147.0,7.0,4,0.1,5,22.89,28.88,28.88026348127259,31.2850268722086
255,0.82,612.5,318.5,147.0,7.0,5,0.1,5,23.86,27.69,28.85008100800204,31.41138784785387
256,0.79,637.0,343.0,147.0,7.0,2,0.1,5,37.03,34.99,30.20910165032492,32.068193846960604
257,0.79,637.0,343.0,147.0,7.0,3,0.1,5,36.71,34.18,30.17891917705437,32.19455482260588
258,0.79,637.0,343.0,147.0,7.0,4,0.1,5,36.77,43.14,30.148736703783822,32.32091579825115
259,0.79,637.0,343.0,147.0,7.0,5,0.1,5,35.48,41.26,30.118554230513276,32.44727677389642
260,0.76,661.5,416.5,122.5,7.0,2,0.1,5,32.31,34.25,34.59066375680214,35.66784266048405
261,0.76,661.5,416.5,122.5,7.0,3,0.1,5,33.21,34.35,34.56048128353159,35.79420363612932
262,0.76,661.5,416.5,122.5,7.0,4,0.1,5,32.46,33.64,34.530298810261044,35.920564611774594
263,0.76,661.5,416.5,122.5,7.0,5,0.1,5,33.27,33.88,34.500116336990494,36.046925587419864
264,0.74,686.0,245.0,220.5,3.5,2,0.1,5,10.47,13.65,8.73048660964754,12.354833544472509
265,0.74,686.0,245.0,220.5,3.5,3,0.1,5,10.37,13.44,8.700304136376994,12.481194520117779
266,0.74,686.0,245.0,220.5,3.5,4,0.1,5,10.34,13.72,8.670121663106444,12.607555495763052
267,0.74,686.0,245.0,220.5,3.5,5,0.1,5,10.39,13.5,8.639939189835896,12.733916471408323
268,0.71,710.5,269.5,220.5,3.5,2,0.1,5,10.78,14.18,9.998959832158782,13.390722470515065
269,0.71,710.5,269.5,220.5,3.5,3,0.1,5,10.7,13.75,9.968777358888236,13.517083446160337
270,0.71,710.5,269.5,220.5,3.5,4,0.1,5,10.67,14.26,9.938594885617686,13.643444421805606
271,0.71,710.5,269.5,220.5,3.5,5,0.1,5,13.69,13.89,9.908412412347138,13.769805397450877
272,0.69,735.0,294.0,220.5,3.5,2,0.1,5,11.21,14.55,10.658926603044097,13.708162362007268
273,0.69,735.0,294.0,220.5,3.5,3,0.1,5,11.14,14.28,10.628744129773551,13.83452333765254
274,0.69,735.0,294.0,220.5,3.5,4,0.1,5,11.11,14.46,10.598561656503001,13.960884313297809
275,0.69,735.0,294.0,220.5,3.5,5,0.1,5,11.16,14.39,10.568379183232452,14.08724528894308
276,0.66,759.5,318.5,220.5,3.5,2,0.1,5,11.38,14.54,11.927399825555336,14.744051288049818
277,0.66,759.5,318.5,220.5,3.5,3,0.1,5,11.34,14.81,11.897217352284786,14.870412263695087
278,0.66,759.5,318.5,220.5,3.5,4,0.1,5,11.22,14.65,11.867034879014236,14.996773239340358
279,0.66,759.5,318.5,220.5,3.5,5,0.1,5,11.34,14.87,11.836852405743688,15.123134214985628
280,0.64,784.0,343.0,220.5,3.5,2,0.1,5,15.16,19.24,12.587366596440651,15.06149117954202
281,0.64,784.0,343.0,220.5,3.5,3,0.1,5,15.37,19.18,12.557184123170103,15.18785215518729
282,0.64,784.0,343.0,220.5,3.5,4,0.1,5,15.12,19.26,12.527001649899553,15.314213130832561
283,0.64,784.0,343.0,220.5,3.5,5,0.1,5,15.36,19.29,12.496819176629005,15.44057410647783
284,0.62,808.5,367.5,220.5,3.5,2,0.1,5,12.59,14.24,13.247333367325966,15.378931071034222
285,0.62,808.5,367.5,220.5,3.5,3,0.1,5,12.74,13.97,13.217150894055418,15.505292046679493
286,0.62,808.5,367.5,220.5,3.5,4,0.1,5,12.8,13.99,13.186968420784869,15.631653022324763
287,0.62,808.5,367.5,220.5,3.5,5,0.1,5,12.62,14.15,13.15678594751432,15.758013997970034
288,0.98,514.5,294.0,110.25,7.0,2,0.25,1,28.15,29.79,28.029779874157967,29.560042835497924
289,0.98,514.5,294.0,110.25,7.0,3,0.25,1,28.15,29.79,27.999597400887417,29.686403811143197
290,0.98,514.5,294.0,110.25,7.0,4,0.25,1,28.37,29.28,27.96941492761687,29.812764786788467
291,0.98,514.5,294.0,110.25,7.0,5,0.25,1,28.41,29.49,27.93923245434632,29.939125762433736
292,0.9,563.5,318.5,122.5,7.0,2,0.25,1,32.68,36.12,30.227194780449306,31.786838812943287
293,0.9,563.5,318.5,122.5,7.0,3,0.25,1,33.48,33.17,30.197012307178756,31.913199788588557
294,0.9,563.5,318.5,122.5,7.0,4,0.25,1,32.84,32.71,30.166829833908206,32.039560764233826
295,0.9,563.5,318.5,122.5,7.0,5,0.25,1,32.0,37.58,30.13664736063766,32.165921739879096
296,0.86,588.0,294.0,147.0,7.0,2,0.25,1,29.54,33.98,28.991085570620495,30.977416886055305
297,0.86,588.0,294.0,147.0,7.0,3,0.25,1,30.05,28.61,28.960903097349945,31.10377786170058
298,0.86,588.0,294.0,147.0,7.0,4,0.25,1,29.6,30.12,28.930720624079395,31.230138837345848
299,0.86,588.0,294.0,147.0,7.0,5,0.25,1,28.66,34.73,28.90053815080885,31.356499812991117
300,0.82,612.5,318.5,147.0,7.0,2,0.25,1,26.84,30.17,30.86806524475766,32.731754846648215
301,0.82,612.5,318.5,147.0,7.0,3,0.25,1,27.27,27.84,30.837882771487113,32.858115822293485
302,0.82,612.5,318.5,147.0,7.0,4,0.25,1,26.97,27.25,30.807700298216563,32.984476797938754
303,0.82,612.5,318.5,147.0,7.0,5,0.25,1,26.19,31.39,30.777517824946017,33.110837773584024
304,0.79,637.0,343.0,147.0,7.0,2,0.25,1,38.67,43.8,32.13653846726889,33.76764377269076
305,0.79,637.0,343.0,147.0,7.0,3,0.25,1,40.03,37.81,32.10635599399835,33.89400474833603
306,0.79,637.0,343.0,147.0,7.0,4,0.25,1,39.86,36.85,32.0761735207278,34.0203657239813
307,0.79,637.0,343.0,147.0,7.0,5,0.25,1,39.04,45.52,32.04599104745725,34.14672669962657
308,0.76,661.5,416.5,122.5,7.0,2,0.25,1,36.96,36.85,36.51810057374611,37.367292586214205
309,0.76,661.5,416.5,122.5,7.0,3,0.25,1,36.13,37.58,36.48791810047557,37.493653561859475
310,0.76,661.5,416.5,122.5,7.0,4,0.25,1,36.91,37.45,36.45773562720502,37.620014537504744
311,0.76,661.5,416.5,122.5,7.0,5,0.25,1,36.43,36.62,36.42755315393447,37.746375513150014
312,0.74,686.0,245.0,220.5,3.5,2,0.25,1,12.43,15.19,10.657923426591516,14.054283470202662
313,0.74,686.0,245.0,220.5,3.5,3,0.25,1,12.5,15.5,10.627740953320968,14.180644445847934
314,0.74,686.0,245.0,220.5,3.5,4,0.25,1,12.41,15.28,10.597558480050418,14.307005421493205
315,0.74,686.0,245.0,220.5,3.5,5,0.25,1,12.45,15.5,10.567376006779872,14.433366397138476
316,0.71,710.5,269.5,220.5,3.5,2,0.25,1,12.57,15.42,11.926396649102758,15.090172396245219
317,0.71,710.5,269.5,220.5,3.5,3,0.25,1,12.65,15.85,11.89621417583221,15.21653337189049
318,0.71,710.5,269.5,220.5,3.5,4,0.25,1,12.57,15.44,11.86603170256166,15.34289434753576
319,0.71,710.5,269.5,220.5,3.5,5,0.25,1,12.63,15.81,11.835849229291114,15.46925532318103
320,0.69,735.0,294.0,220.5,3.5,2,0.25,1,12.78,15.21,12.586363419988075,15.407612287737424
321,0.69,735.0,294.0,220.5,3.5,3,0.25,1,12.93,15.63,12.556180946717525,15.533973263382693
322,0.69,735.0,294.0,220.5,3.5,4,0.25,1,12.73,15.48,12.525998473446975,15.660334239027964
323,0.69,735.0,294.0,220.5,3.5,5,0.25,1,12.72,15.78,12.495816000176427,15.786695214673234
324,0.66,759.5,318.5,220.5,3.5,2,0.25,1,13.17,16.39,13.854836642499311,16.44350121377997
325,0.66,759.5,318.5,220.5,3.5,3,0.25,1,13.18,16.27,13.824654169228761,16.56986218942524
326,0.66,759.5,318.5,220.5,3.5,4,0.25,1,13.17,16.39,13.794471695958212,16.696223165070514
327,0.66,759.5,318.5,220.5,3.5,5,0.25,1,13.18,16.19,13.764289222687664,16.822584140715783
328,0.64,784.0,343.0,220.5,3.5,2,0.25,1,17.5,21.13,14.514803413384627,16.760941105272174
329,0.64,784.0,343.0,220.5,3.5,3,0.25,1,17.35,21.19,14.484620940114077,16.887302080917443
330,0.64,784.0,343.0,220.5,3.5,4,0.25,1,17.52,21.09,14.454438466843527,17.013663056562713
331,0.64,784.0,343.0,220.5,3.5,5,0.25,1,17.37,21.08,14.424255993572979,17.140024032207986
332,0.62,808.5,367.5,220.5,3.5,2,0.25,1,15.09,15.77,15.174770184269942,17.078380996764377
333,0.62,808.5,367.5,220.5,3.5,3,0.25,1,15.12,15.95,15.144587710999392,17.204741972409646
334,0.62,808.5,367.5,220.5,3.5,4,0.25,1,15.08,15.77,15.114405237728842,17.331102948054916
335,0.62,808.5,367.5,220.5,3.5,5,0.25,1,15.16,15.76,15.084222764458294,17.45746392370019
336,0.98,514.5,294.0,110.25,7.0,2,0.25,2,28.67,29.62,28.271440142411663,29.668837101672814
337,0.98,514.5,294.0,110.25,7.0,3,0.25,2,28.57,29.69,28.241257669141117,29.795198077318084
338,0.98,514.5,294.0,110.25,7.0,4,0.25,2,28.18,30.18,28.211075195870567,29.921559052963357
339,0.98,514.5,294.0,110.25,7.0,5,0.25,2,28.6,30.02,28.180892722600017,30.047920028608626
340,0.9,563.5,318.5,122.5,7.0,2,0.25,2,32.46,35.56,30.468855048703002,31.895633079118177
341,0.9,563.5,318.5,122.5,7.0,3,0.25,2,33.27,32.64,30.438672575432456,32.02199405476345
342,0.9,563.5,318.5,122.5,7.0,4,0.25,2,32.33,32.77,30.408490102161906,32.148355030408716
343,0.9,563.5,318.5,122.5,7.0,5,0.25,2,31.66,37.72,30.378307628891356,32.274716006053985
344,0.86,588.0,294.0,147.0,7.0,2,0.25,2,29.34,33.37,29.23274583887419,31.086211152230195
345,0.86,588.0,294.0,147.0,7.0,3,0.25,2,29.87,27.89,29.202563365603645,31.212572127875465
346,0.86,588.0,294.0,147.0,7.0,4,0.25,2,29.27,29.9,29.172380892333095,31.338933103520738
347,0.86,588.0,294.0,147.0,7.0,5,0.25,2,28.4,34.52,29.142198419062545,31.465294079166007
348,0.82,612.5,318.5,147.0,7.0,2,0.25,2,25.74,28.27,31.10972551301136,32.8405491128231
349,0.82,612.5,318.5,147.0,7.0,3,0.25,2,25.98,26.96,31.079543039740813,32.96691008846837
350,0.82,612.5,318.5,147.0,7.0,4,0.25,2,25.38,26.72,31.049360566470263,33.093271064113644
351,0.82,612.5,318.5,147.0,7.0,5,0.25,2,24.94,29.88,31.019178093199713,33.21963203975891
352,0.79,637.0,343.0,147.0,7.0,2,0.25,2,38.57,43.86,32.37819873552259,33.87643803886565
353,0.79,637.0,343.0,147.0,7.0,3,0.25,2,40.19,37.41,32.348016262252045,34.00279901451092
354,0.79,637.0,343.0,147.0,7.0,4,0.25,2,39.97,36.77,32.317833788981496,34.12915999015619
355,0.79,637.0,343.0,147.0,7.0,5,0.25,2,38.98,45.97,32.287651315710946,34.25552096580146
356,0.76,661.5,416.5,122.5,7.0,2,0.25,2,36.95,36.87,36.75976084199981,37.47608685238909
357,0.76,661.5,416.5,122.5,7.0,3,0.25,2,36.28,37.35,36.729578368729264,37.60244782803436
358,0.76,661.5,416.5,122.5,7.0,4,0.25,2,36.86,37.28,36.699395895458714,37.728808803679634
359,0.76,661.5,416.5,122.5,7.0,5,0.25,2,36.45,36.81,36.669213422188164,37.8551697793249
360,0.74,686.0,245.0,220.5,3.5,2,0.25,2,12.35,14.73,10.899583694845212,14.16307773637755
361,0.74,686.0,245.0,220.5,3.5,3,0.25,2,12.45,15.1,10.869401221574664,14.289438712022822
362,0.74,686.0,245.0,220.5,3.5,4,0.25,2,12.16,15.18,10.839218748304114,14.415799687668095
363,0.74,686.0,245.0,220.5,3.5,5,0.25,2,12.3,15.44,10.809036275033568,14.542160663313364
364,0.71,710.5,269.5,220.5,3.5,2,0.25,2,12.33,14.91,12.168056917356456,15.198966662420109
365,0.71,710.5,269.5,220.5,3.5,3,0.25,2,12.29,15.4,12.13787444408591,15.325327638065378
366,0.71,710.5,269.5,220.5,3.5,4,0.25,2,12.2,14.94,12.10769197081536,15.45168861371065
367,0.71,710.5,269.5,220.5,3.5,5,0.25,2,12.49,15.32,12.077509497544812,15.578049589355919
368,0.69,735.0,294.0,220.5,3.5,2,0.25,2,12.85,15.52,12.828023688241771,15.516406553912311
369,0.69,735.0,294.0,220.5,3.5,3,0.25,2,12.87,15.85,12.797841214971223,15.642767529557583
370,0.69,735.0,294.0,220.5,3.5,4,0.25,2,12.73,15.66,12.767658741700673,15.769128505202852
371,0.69,735.0,294.0,220.5,3.5,5,0.25,2,12.95,15.99,12.737476268430125,15.895489480848124
372,0.66,759.5,318.5,220.5,3.5,2,0.25,2,13.05,15.89,14.096496910753007,16.552295479954857
373,0.66,759.5,318.5,220.5,3.5,3,0.25,2,12.93,15.85,14.06631443748246,16.67865645560013
374,0.66,759.5,318.5,220.5,3.5,4,0.25,2,12.77,16.22,14.03613196421191,16.8050174312454
375,0.66,759.5,318.5,220.5,3.5,5,0.25,2,13.0,15.87,14.005949490941362,16.931378406890673
376,0.64,784.0,343.0,220.5,3.5,2,0.25,2,17.14,20.47,14.756463681638323,16.869735371447064
377,0.64,784.0,343.0,220.5,3.5,3,0.25,2,16.84,20.56,14.726281208367775,16.996096347092333
378,0.64,784.0,343.0,220.5,3.5,4,0.25,2,17.02,20.48,14.696098735097225,17.122457322737603
379,0.64,784.0,343.0,220.5,3.5,5,0.25,2,17.11,20.43,14.665916261826677,17.248818298382872
380,0.62,808.5,367.5,220.5,3.5,2,0.25,2,14.34,15.32,15.416430452523638,17.187175262939263
381,0.62,808.5,367.5,220.5,3.5,3,0.25,2,14.66,15.64,15.38624797925309,17.313536238584536
382,0.62,808.5,367.5,220.5,3.5,4,0.25,2,14.6,15.14,15.35606550598254,17.439897214229806
383,0.62,808.5,367.5,220.5,3.5,5,0.25,2,14.6,15.3,15.325883032711992,17.566258189875075
384,0.98,514.5,294.0,110.25,7.0,2,0.25,3,28.67,29.43,28.513100410665363,29.777631367847704
385,0.98,514.5,294.0,110.25,7.0,3,0.25,3,28.56,29.78,28.482917937394813,29.903992343492973
386,0.98,514.5,294.0,110.25,7.0,4,0.25,3,28.17,30.1,28.452735464124263,30.030353319138243
387,0.98,514.5,294.0,110.25,7.0,5,0.25,3,28.63,30.19,28.422552990853717,30.156714294783512
388,0.9,563.5,318.5,122.5,7.0,2,0.25,3,31.63,36.35,30.710515316956702,32.00442734529307
389,0.9,563.5,318.5,122.5,7.0,3,0.25,3,32.4,35.1,30.680332843686152,32.130788320938336
390,0.9,563.5,318.5,122.5,7.0,4,0.25,3,32.68,32.83,30.650150370415602,32.257149296583606
391,0.9,563.5,318.5,122.5,7.0,5,0.25,3,32.29,32.46,30.619967897145052,32.383510272228875
392,0.86,588.0,294.0,147.0,7.0,2,0.25,3,28.4,33.52,29.47440610712789,31.19500541840508
393,0.86,588.0,294.0,147.0,7.0,3,0.25,3,29.4,32.93,29.44422363385734,31.321366394050354
394,0.86,588.0,294.0,147.0,7.0,4,0.25,3,29.43,28.38,29.41404116058679,31.447727369695624
395,0.86,588.0,294.0,147.0,7.0,5,0.25,3,29.07,29.82,29.38385868731624,31.574088345340893
396,0.82,612.5,318.5,147.0,7.0,2,0.25,3,24.7,28.77,31.35138578126506,32.94934337899799
397,0.82,612.5,318.5,147.0,7.0,3,0.25,3,25.48,27.76,31.32120330799451,33.07570435464326
398,0.82,612.5,318.5,147.0,7.0,4,0.25,3,25.37,26.95,31.29102083472396,33.202065330288534
399,0.82,612.5,318.5,147.0,7.0,5,0.25,3,25.17,26.41,31.26083836145341,33.3284263059338
400,0.79,637.0,343.0,147.0,7.0,2,0.25,3,39.04,45.13,32.61985900377629,33.98523230504054
401,0.79,637.0,343.0,147.0,7.0,3,0.25,3,38.35,43.66,32.58967653050574,34.11159328068581
402,0.79,637.0,343.0,147.0,7.0,4,0.25,3,39.81,37.76,32.55949405723519,34.23795425633108
403,0.79,637.0,343.0,147.0,7.0,5,0.25,3,39.83,36.87,32.52931158396464,34.36431523197635
404,0.76,661.5,416.5,122.5,7.0,2,0.25,3,35.99,36.07,37.00142111025351,37.58488111856398
405,0.76,661.5,416.5,122.5,7.0,3,0.25,3,36.59,36.44,36.97123863698296,37.711242094209254
406,0.76,661.5,416.5,122.5,7.0,4,0.25,3,35.64,37.28,36.94105616371241,37.837603069854524
407,0.76,661.5,416.5,122.5,7.0,5,0.25,3,36.52,37.29,36.91087369044186,37.96396404549979
408,0.74,686.0,245.0,220.5,3.5,2,0.25,3,11.8,14.49,11.14124396309891,14.27187200255244
409,0.74,686.0,245.0,220.5,3.5,3,0.25,3,12.03,13.79,11.111061489828364,14.39823297819771
410,0.74,686.0,245.0,220.5,3.5,4,0.25,3,11.98,14.72,11.080879016557814,14.524593953842983
411,0.74,686.0,245.0,220.5,3.5,5,0.25,3,11.69,14.76,11.050696543287266,14.650954929488254
412,0.71,710.5,269.5,220.5,3.5,2,0.25,3,12.41,14.92,12.409717185610152,15.307760928594996
413,0.71,710.5,269.5,220.5,3.5,3,0.25,3,12.28,14.74,12.379534712339606,15.434121904240266
414,0.71,710.5,269.5,220.5,3.5,4,0.25,3,12.1,15.57,12.349352239069056,15.560482879885537
415,0.71,710.5,269.5,220.5,3.5,5,0.25,3,12.19,14.94,12.319169765798508,15.686843855530807
416,0.69,735.0,294.0,220.5,3.5,2,0.25,3,12.34,14.92,13.069683956495469,15.6252008200872
417,0.69,735.0,294.0,220.5,3.5,3,0.25,3,12.46,14.38,13.039501483224921,15.75156179573247
418,0.69,735.0,294.0,220.5,3.5,4,0.25,3,12.31,15.44,13.009319009954371,15.87792277137774
419,0.69,735.0,294.0,220.5,3.5,5,0.25,3,12.12,15.17,12.979136536683821,16.00428374702301
420,0.66,759.5,318.5,220.5,3.5,2,0.25,3,12.97,15.53,14.338157179006705,16.661089746129747
421,0.66,759.5,318.5,220.5,3.5,3,0.25,3,13.01,15.8,14.307974705736157,16.787450721775016
422,0.66,759.5,318.5,220.5,3.5,4,0.25,3,12.74,16.14,14.277792232465607,16.913811697420286
423,0.66,759.5,318.5,220.5,3.5,5,0.25,3,12.84,16.26,14.247609759195058,17.04017267306556
424,0.64,784.0,343.0,220.5,3.5,2,0.25,3,16.83,19.87,14.99812394989202,16.97852963762195
425,0.64,784.0,343.0,220.5,3.5,3,0.25,3,16.93,20.03,14.967941476621473,17.10489061326722
426,0.64,784.0,343.0,220.5,3.5,4,0.25,3,16.66,20.46,14.937759003350923,17.231251588912492
427,0.64,784.0,343.0,220.5,3.5,5,0.25,3,16.86,20.28,14.907576530080373,17.357612564557762
428,0.62,808.5,367.5,220.5,3.5,2,0.25,3,13.91,14.89,15.658090720777334,17.295969529114153
429,0.62,808.5,367.5,220.5,3.5,3,0.25,3,14.34,14.96,15.627908247506788,17.422330504759422
430,0.62,808.5,367.5,220.5,3.5,4,0.25,3,13.95,14.89,15.597725774236238,17.548691480404692
431,0.62,808.5,367.5,220.5,3.5,5,0.25,3,13.99,14.35,15.567543300965689,17.675052456049965
432,0.98,514.5,294.0,110.25,7.0,2,0.25,4,28.7,29.61,28.75476067891906,29.88642563402259
433,0.98,514.5,294.0,110.25,7.0,3,0.25,4,28.55,29.59,28.724578205648513,30.012786609667863
434,0.98,514.5,294.0,110.25,7.0,4,0.25,4,28.15,30.19,28.694395732377963,30.139147585313133
435,0.98,514.5,294.0,110.25,7.0,5,0.25,4,28.62,30.12,28.664213259107413,30.265508560958402
436,0.9,563.5,318.5,122.5,7.0,2,0.25,4,32.67,32.12,30.952175585210398,32.11322161146795
437,0.9,563.5,318.5,122.5,7.0,3,0.25,4,31.69,37.12,30.921993111939848,32.239582587113226
438,0.9,563.5,318.5,122.5,7.0,4,0.25,4,32.07,36.16,30.8918106386693,32.365943562758495
439,0.9,563.5,318.5,122.5,7.0,5,0.25,4,33.28,33.16,30.86162816539875,32.492304538403765
440,0.86,588.0,294.0,147.0,7.0,2,0.25,4,29.47,29.45,29.716066375381587,31.30379968457997
441,0.86,588.0,294.0,147.0,7.0,3,0.25,4,28.42,34.19,29.685883902111037,31.43016066022524
442,0.86,588.0,294.0,147.0,7.0,4,0.25,4,29.08,33.93,29.655701428840487,31.556521635870514
443,0.86,588.0,294.0,147.0,7.0,5,0.25,4,29.88,28.31,29.625518955569937,31.682882611515783
444,0.82,612.5,318.5,147.0,7.0,2,0.25,4,25.66,26.3,31.593046049518755,33.05813764517288
445,0.82,612.5,318.5,147.0,7.0,3,0.25,4,24.96,29.43,31.562863576248205,33.18449862081815
446,0.82,612.5,318.5,147.0,7.0,4,0.25,4,25.43,28.76,31.532681102977655,33.310859596463416
447,0.82,612.5,318.5,147.0,7.0,5,0.25,4,26.0,27.34,31.502498629707105,33.437220572108686
448,0.79,637.0,343.0,147.0,7.0,2,0.25,4,40.0,36.26,32.86151927202999,34.09402657121542
449,0.79,637.0,343.0,147.0,7.0,3,0.25,4,38.84,45.48,32.83133679875944,34.22038754686069
450,0.79,637.0,343.0,147.0,7.0,4,0.25,4,38.33,44.16,32.80115432548889,34.34674852250596
451,0.79,637.0,343.0,147.0,7.0,5,0.25,4,40.12,37.26,32.77097185221834,34.47310949815124
452,0.76,661.5,416.5,122.5,7.0,2,0.25,4,36.95,37.2,37.243081378507206,37.69367538473887
453,0.76,661.5,416.5,122.5,7.0,3,0.25,4,36.45,36.76,37.212898905236656,37.82003636038414
454,0.76,661.5,416.5,122.5,7.0,4,0.25,4,36.81,37.05,37.18271643196611,37.94639733602941
455,0.76,661.5,416.5,122.5,7.0,5,0.25,4,36.26,37.51,37.15253395869556,38.07275831167468
456,0.74,686.0,245.0,220.5,3.5,2,0.25,4,12.32,14.92,11.382904231352606,14.380666268727328
457,0.74,686.0,245.0,220.5,3.5,3,0.25,4,12.3,15.24,11.35272175808206,14.5070272443726
458,0.74,686.0,245.0,220.5,3.5,4,0.25,4,12.18,15.03,11.32253928481151,14.633388220017872
459,0.74,686.0,245.0,220.5,3.5,5,0.25,4,12.43,15.35,11.292356811540962,14.759749195663142
460,0.71,710.5,269.5,220.5,3.5,2,0.25,4,12.36,14.67,12.65137745386385,15.416555194769884
461,0.71,710.5,269.5,220.5,3.5,3,0.25,4,12.49,15.09,12.621194980593302,15.542916170415156
462,0.71,710.5,269.5,220.5,3.5,4,0.25,4,12.17,15.2,12.591012507322754,15.669277146060425
463,0.71,710.5,269.5,220.5,3.5,5,0.25,4,12.28,15.64,12.560830034052206,15.795638121705696
464,0.69,735.0,294.0,220.5,3.5,2,0.25,4,12.91,15.37,13.311344224749167,15.73399508626209
465,0.69,735.0,294.0,220.5,3.5,3,0.25,4,12.95,15.73,13.281161751478617,15.860356061907359
466,0.69,735.0,294.0,220.5,3.5,4,0.25,4,12.67,15.83,13.250979278208067,15.98671703755263
467,0.69,735.0,294.0,220.5,3.5,5,0.25,4,12.86,16.13,13.22079680493752,16.1130780131979
468,0.66,759.5,318.5,220.5,3.5,2,0.25,4,12.95,15.95,14.579817447260403,16.769884012304637
469,0.66,759.5,318.5,220.5,3.5,3,0.25,4,13.0,15.59,14.549634973989853,16.896244987949906
470,0.66,759.5,318.5,220.5,3.5,4,0.25,4,12.86,16.17,14.519452500719304,17.022605963595176
471,0.66,759.5,318.5,220.5,3.5,5,0.25,4,12.92,16.14,14.489270027448756,17.148966939240445
472,0.64,784.0,343.0,220.5,3.5,2,0.25,4,16.99,19.65,15.239784218145719,17.08732390379684
473,0.64,784.0,343.0,220.5,3.5,3,0.25,4,16.69,19.76,15.209601744875169,17.21368487944211
474,0.64,784.0,343.0,220.5,3.5,4,0.25,4,16.56,20.37,15.179419271604619,17.34004585508738
475,0.64,784.0,343.0,220.5,3.5,5,0.25,4,16.62,19.9,15.149236798334071,17.46640683073265
476,0.62,808.5,367.5,220.5,3.5,2,0.25,4,14.33,15.41,15.899750989031034,17.404763795289043
477,0.62,808.5,367.5,220.5,3.5,3,0.25,4,14.61,15.56,15.869568515760484,17.531124770934312
478,0.62,808.5,367.5,220.5,3.5,4,0.25,4,14.61,15.07,15.839386042489934,17.65748574657958
479,0.62,808.5,367.5,220.5,3.5,5,0.25,4,14.65,15.38,15.809203569219386,17.78384672222485
480,0.98,514.5,294.0,110.25,7.0,2,0.25,5,28.69,29.53,28.99642094717276,29.99521990019748
481,0.98,514.5,294.0,110.25,7.0,3,0.25,5,28.58,29.77,28.96623847390221,30.12158087584275
482,0.98,514.5,294.0,110.25,7.0,4,0.25,5,28.15,30.0,28.93605600063166,30.247941851488022
483,0.98,514.5,294.0,110.25,7.0,5,0.25,5,28.61,30.2,28.90587352736111,30.37430282713329
484,0.9,563.5,318.5,122.5,7.0,2,0.25,5,33.13,32.25,31.193835853464094,32.22201587764284
485,0.9,563.5,318.5,122.5,7.0,3,0.25,5,32.31,32.0,31.163653380193544,32.348376853288116
486,0.9,563.5,318.5,122.5,7.0,4,0.25,5,31.53,37.19,31.133470906922994,32.474737828933385
487,0.9,563.5,318.5,122.5,7.0,5,0.25,5,32.46,35.62,31.103288433652448,32.601098804578655
488,0.86,588.0,294.0,147.0,7.0,2,0.25,5,29.71,28.02,29.957726643635283,31.41259395075486
489,0.86,588.0,294.0,147.0,7.0,3,0.25,5,29.09,29.43,29.927544170364733,31.53895492640013
490,0.86,588.0,294.0,147.0,7.0,4,0.25,5,28.31,34.15,29.897361697094183,31.6653159020454
491,0.86,588.0,294.0,147.0,7.0,5,0.25,5,29.39,33.47,29.867179223823637,31.791676877690673
492,0.82,612.5,318.5,147.0,7.0,2,0.25,5,25.7,26.53,31.83470631777245,33.16693191134777
493,0.82,612.5,318.5,147.0,7.0,3,0.25,5,25.17,26.08,31.8045238445019,33.29329288699304
494,0.82,612.5,318.5,147.0,7.0,4,0.25,5,24.6,29.31,31.77434137123135,33.419653862638306
495,0.82,612.5,318.5,147.0,7.0,5,0.25,5,25.49,28.14,31.7441588979608,33.546014838283575
496,0.79,637.0,343.0,147.0,7.0,2,0.25,5,39.89,37.54,33.10317954028368,34.20282083739031
497,0.79,637.0,343.0,147.0,7.0,3,0.25,5,39.83,36.66,33.072997067013134,34.32918181303558
498,0.79,637.0,343.0,147.0,7.0,4,0.25,5,39.01,45.28,33.042814593742584,34.45554278868086
499,0.79,637.0,343.0,147.0,7.0,5,0.25,5,38.65,43.73,33.012632120472034,34.58190376432613
500,0.76,661.5,416.5,122.5,7.0,2,0.25,5,35.69,36.93,37.4847416467609,37.80246965091376
501,0.76,661.5,416.5,122.5,7.0,3,0.25,5,36.64,37.01,37.45455917349035,37.92883062655903
502,0.76,661.5,416.5,122.5,7.0,4,0.25,5,36.06,35.73,37.4243767002198,38.0551916022043
503,0.76,661.5,416.5,122.5,7.0,5,0.25,5,36.7,36.15,37.39419422694925,38.18155257784957
504,0.74,686.0,245.0,220.5,3.5,2,0.25,5,12.12,14.48,11.624564499606302,14.489460534902218
505,0.74,686.0,245.0,220.5,3.5,3,0.25,5,11.67,14.58,11.594382026335756,14.615821510547487
506,0.74,686.0,245.0,220.5,3.5,4,0.25,5,11.64,14.81,11.564199553065206,14.74218248619276
507,0.74,686.0,245.0,220.5,3.5,5,0.25,5,12.02,14.03,11.534017079794658,14.868543461838032
508,0.71,710.5,269.5,220.5,3.5,2,0.25,5,12.27,15.27,12.893037722117548,15.525349460944774
509,0.71,710.5,269.5,220.5,3.5,3,0.25,5,12.19,14.71,12.862855248847,15.651710436590044
510,0.71,710.5,269.5,220.5,3.5,4,0.25,5,12.25,15.23,12.83267277557645,15.778071412235315
511,0.71,710.5,269.5,220.5,3.5,5,0.25,5,12.27,14.97,12.802490302305904,15.904432387880584
512,0.69,735.0,294.0,220.5,3.5,2,0.25,5,12.47,15.14,13.553004493002863,15.842789352436977
513,0.69,735.0,294.0,220.5,3.5,3,0.25,5,12.12,14.97,13.522822019732315,15.969150328082248
514,0.69,735.0,294.0,220.5,3.5,4,0.25,5,12.18,15.22,13.492639546461765,16.09551130372752
515,0.69,735.0,294.0,220.5,3.5,5,0.25,5,12.47,14.6,13.462457073191217,16.22187227937279
516,0.66,759.5,318.5,220.5,3.5,2,0.25,5,12.93,15.83,14.8214777155141,16.878678278479526
517,0.66,759.5,318.5,220.5,3.5,3,0.25,5,12.82,16.03,14.791295242243551,17.005039254124796
518,0.66,759.5,318.5,220.5,3.5,4,0.25,5,12.78,15.8,14.761112768973002,17.131400229770065
519,0.66,759.5,318.5,220.5,3.5,5,0.25,5,13.02,16.06,14.730930295702453,17.257761205415335
520,0.64,784.0,343.0,220.5,3.5,2,0.25,5,16.73,20.13,15.481444486399415,17.196118169971726
521,0.64,784.0,343.0,220.5,3.5,3,0.25,5,16.86,20.01,15.451262013128867,17.322479145617
522,0.64,784.0,343.0,220.5,3.5,4,0.25,5,16.76,20.19,15.421079539858317,17.44884012126227
523,0.64,784.0,343.0,220.5,3.5,5,0.25,5,16.92,20.29,15.390897066587769,17.575201096907538
524,0.62,808.5,367.5,220.5,3.5,2,0.25,5,13.68,15.19,16.14141125728473,17.513558061463932
525,0.62,808.5,367.5,220.5,3.5,3,0.25,5,13.99,14.61,16.11122878401418,17.639919037109202
526,0.62,808.5,367.5,220.5,3.5,4,0.25,5,14.16,14.61,16.08104631074363,17.76628001275447
527,0.62,808.5,367.5,220.5,3.5,5,0.25,5,13.86,14.75,16.050863837473084,17.89264098839974
528,0.98,514.5,294.0,110.25,7.0,2,0.4,1,32.26,33.37,30.923857764116732,31.694669825927633
529,0.98,514.5,294.0,110.25,7.0,3,0.4,1,32.26,33.34,30.893675290846183,31.821030801572906
530,0.98,514.5,294.0,110.25,7.0,4,0.4,1,32.49,32.83,30.863492817575633,31.947391777218176
531,0.98,514.5,294.0,110.25,7.0,5,0.4,1,32.53,33.04,30.833310344305083,32.07375275286345
532,0.9,563.5,318.5,122.5,7.0,2,0.4,1,36.47,39.28,33.12127267040807,33.921465803372996
533,0.9,563.5,318.5,122.5,7.0,3,0.4,1,37.24,36.38,33.09109019713752,34.047826779018266
534,0.9,563.5,318.5,122.5,7.0,4,0.4,1,36.66,35.92,33.06090772386697,34.174187754663535
535,0.9,563.5,318.5,122.5,7.0,5,0.4,1,35.96,40.99,33.030725250596426,34.300548730308805
536,0.86,588.0,294.0,147.0,7.0,2,0.4,1,31.89,35.99,31.885163460579257,33.11204387648502
537,0.86,588.0,294.0,147.0,7.0,3,0.4,1,32.39,30.66,31.854980987308707,33.23840485213029
538,0.86,588.0,294.0,147.0,7.0,4,0.4,1,32.09,31.7,31.824798514038157,33.36476582777556
539,0.86,588.0,294.0,147.0,7.0,5,0.4,1,31.29,36.73,31.794616040767608,33.491126803420826
540,0.82,612.5,318.5,147.0,7.0,2,0.4,1,29.22,31.71,33.762143134716425,34.866381837077924
541,0.82,612.5,318.5,147.0,7.0,3,0.4,1,29.91,29.13,33.731960661445875,34.99274281272319
542,0.82,612.5,318.5,147.0,7.0,4,0.4,1,29.53,28.99,33.701778188175325,35.11910378836846
543,0.82,612.5,318.5,147.0,7.0,5,0.4,1,28.65,33.54,33.671595714904775,35.24546476401373
544,0.79,637.0,343.0,147.0,7.0,2,0.4,1,41.4,45.29,35.03061635722766,35.90227076312047
545,0.79,637.0,343.0,147.0,7.0,3,0.4,1,42.62,39.07,35.00043388395711,36.02863173876574
546,0.79,637.0,343.0,147.0,7.0,4,0.4,1,42.5,38.35,34.97025141068656,36.15499271441101
547,0.79,637.0,343.0,147.0,7.0,5,0.4,1,41.67,46.94,34.940068937416015,36.28135369005628
548,0.76,661.5,416.5,122.5,7.0,2,0.4,1,40.78,39.55,39.412178463704876,39.501919576643914
549,0.76,661.5,416.5,122.5,7.0,3,0.4,1,39.97,40.85,39.38199599043433,39.62828055228918
550,0.76,661.5,416.5,122.5,7.0,4,0.4,1,40.71,40.63,39.35181351716378,39.75464152793445
551,0.76,661.5,416.5,122.5,7.0,5,0.4,1,40.43,39.48,39.321631043893234,39.88100250357972
552,0.74,686.0,245.0,220.5,3.5,2,0.4,1,14.52,16.94,13.552001316550278,16.18891046063237
553,0.74,686.0,245.0,220.5,3.5,3,0.4,1,14.61,17.25,13.52181884327973,16.31527143627764
554,0.74,686.0,245.0,220.5,3.5,4,0.4,1,14.5,17.03,13.49163637000918,16.441632411922914
555,0.74,686.0,245.0,220.5,3.5,5,0.4,1,14.55,17.25,13.461453896738634,16.567993387568187
556,0.71,710.5,269.5,220.5,3.5,2,0.4,1,14.51,17.1,14.82047453906152,17.224799386674928
557,0.71,710.5,269.5,220.5,3.5,3,0.4,1,14.6,17.51,14.790292065790972,17.3511603623202
558,0.71,710.5,269.5,220.5,3.5,4,0.4,1,14.5,17.12,14.760109592520422,17.47752133796547
559,0.71,710.5,269.5,220.5,3.5,5,0.4,1,14.58,17.47,14.729927119249876,17.60388231361074
560,0.69,735.0,294.0,220.5,3.5,2,0.4,1,14.51,16.5,15.480441309946837,17.54223927816713
561,0.69,735.0,294.0,220.5,3.5,3,0.4,1,14.7,17.0,15.450258836676287,17.668600253812404
562,0.69,735.0,294.0,220.5,3.5,4,0.4,1,14.42,16.87,15.420076363405737,17.794961229457673
563,0.69,735.0,294.0,220.5,3.5,5,0.4,1,14.42,17.2,15.389893890135191,17.921322205102943
564,0.66,759.5,318.5,220.5,3.5,2,0.4,1,15.23,18.14,16.748914532458073,18.57812820420968
565,0.66,759.5,318.5,220.5,3.5,3,0.4,1,15.23,18.03,16.718732059187523,18.70448917985495
566,0.66,759.5,318.5,220.5,3.5,4,0.4,1,15.23,18.14,16.688549585916974,18.830850155500222
567,0.66,759.5,318.5,220.5,3.5,5,0.4,1,15.23,17.95,16.658367112646424,18.957211131145492
568,0.64,784.0,343.0,220.5,3.5,2,0.4,1,19.52,22.72,17.40888130334339,18.895568095701883
569,0.64,784.0,343.0,220.5,3.5,3,0.4,1,19.36,22.73,17.378698830072842,19.021929071347152
570,0.64,784.0,343.0,220.5,3.5,4,0.4,1,19.48,22.72,17.348516356802293,19.14829004699242
571,0.64,784.0,343.0,220.5,3.5,5,0.4,1,19.42,22.53,17.318333883531743,19.27465102263769
572,0.62,808.5,367.5,220.5,3.5,2,0.4,1,15.09,17.2,18.068848074228704,19.213007987194086
573,0.62,808.5,367.5,220.5,3.5,3,0.4,1,17.17,17.21,18.038665600958154,19.339368962839355
574,0.62,808.5,367.5,220.5,3.5,4,0.4,1,17.14,17.15,18.008483127687605,19.465729938484625
575,0.62,808.5,367.5,220.5,3.5,5,0.4,1,17.14,17.2,17.97830065441706,19.592090914129898
576,0.98,514.5,294.0,110.25,7.0,2,0.4,2,32.82,32.96,31.16551803237043,31.803464092102523
577,0.98,514.5,294.0,110.25,7.0,3,0.4,2,32.71,33.13,31.13533555909988,31.929825067747792
578,0.98,514.5,294.0,110.25,7.0,4,0.4,2,32.24,33.94,31.10515308582933,32.05618604339306
579,0.98,514.5,294.0,110.25,7.0,5,0.4,2,32.72,33.78,31.07497061255878,32.18254701903833
580,0.9,563.5,318.5,122.5,7.0,2,0.4,2,35.84,38.35,33.362932938661764,34.030260069547886
581,0.9,563.5,318.5,122.5,7.0,3,0.4,2,36.57,35.39,33.332750465391214,34.156621045193155
582,0.9,563.5,318.5,122.5,7.0,4,0.4,2,36.06,34.94,33.302567992120665,34.282982020838425
583,0.9,563.5,318.5,122.5,7.0,5,0.4,2,35.69,40.66,33.27238551885012,34.409342996483694
584,0.86,588.0,294.0,147.0,7.0,2,0.4,2,32.48,35.48,32.12682372883295,33.2208381426599
585,0.86,588.0,294.0,147.0,7.0,3,0.4,2,32.74,30.53,32.0966412555624,33.34719911830518
586,0.86,588.0,294.0,147.0,7.0,4,0.4,2,32.13,32.28,32.06645878229185,33.47356009395045
587,0.86,588.0,294.0,147.0,7.0,5,0.4,2,31.64,36.86,32.036276309021304,33.599921069595716
588,0.82,612.5,318.5,147.0,7.0,2,0.4,2,28.95,30.34,34.00380340297012,34.97517610325281
589,0.82,612.5,318.5,147.0,7.0,3,0.4,2,29.49,27.93,33.97362092969957,35.101537078898076
590,0.82,612.5,318.5,147.0,7.0,4,0.4,2,28.64,28.95,33.94343845642902,35.22789805454335
591,0.82,612.5,318.5,147.0,7.0,5,0.4,2,28.01,32.92,33.91325598315848,35.35425903018862
592,0.79,637.0,343.0,147.0,7.0,2,0.4,2,41.64,45.59,35.272276625481354,36.01106502929535
593,0.79,637.0,343.0,147.0,7.0,3,0.4,2,43.1,39.41,35.242094152210804,36.13742600494063
594,0.79,637.0,343.0,147.0,7.0,4,0.4,2,42.74,38.84,35.211911678940254,36.2637869805859
595,0.79,637.0,343.0,147.0,7.0,5,0.4,2,41.92,48.03,35.18172920566971,36.39014795623117
596,0.76,661.5,416.5,122.5,7.0,2,0.4,2,40.78,39.48,39.65383873195857,39.6107138428188
597,0.76,661.5,416.5,122.5,7.0,3,0.4,2,40.15,40.4,39.62365625868803,39.737074818464066
598,0.76,661.5,416.5,122.5,7.0,4,0.4,2,40.57,40.47,39.59347378541747,39.86343579410934
599,0.76,661.5,416.5,122.5,7.0,5,0.4,2,40.42,39.7,39.56329131214693,39.98979676975461
600,0.74,686.0,245.0,220.5,3.5,2,0.4,2,14.54,16.43,13.793661584803976,16.29770472680726
601,0.74,686.0,245.0,220.5,3.5,3,0.4,2,14.45,16.93,13.763479111533428,16.42406570245253
602,0.74,686.0,245.0,220.5,3.5,4,0.4,2,14.18,16.99,13.733296638262878,16.550426678097804
603,0.74,686.0,245.0,220.5,3.5,5,0.4,2,14.5,17.03,13.703114164992332,16.676787653743073
604,0.71,710.5,269.5,220.5,3.5,2,0.4,2,14.7,16.77,15.062134807315218,17.333593652849817
605,0.71,710.5,269.5,220.5,3.5,3,0.4,2,14.66,17.37,15.03195233404467,17.459954628495087
606,0.71,710.5,269.5,220.5,3.5,4,0.4,2,14.4,17.27,15.001769860774122,17.58631560414036
607,0.71,710.5,269.5,220.5,3.5,5,0.4,2,14.71,17.51,14.971587387503572,17.71267657978563
608,0.69,735.0,294.0,220.5,3.5,2,0.4,2,14.75,16.44,15.722101578200533,17.65103354434202
609,0.69,735.0,294.0,220.5,3.5,3,0.4,2,14.71,17.01,15.691919104929985,17.77739451998729
610,0.69,735.0,294.0,220.5,3.5,4,0.4,2,14.33,17.23,15.661736631659435,17.903755495632563
611,0.69,735.0,294.0,220.5,3.5,5,0.4,2,14.62,17.22,15.631554158388887,18.030116471277832
612,0.66,759.5,318.5,220.5,3.5,2,0.4,2,15.34,17.85,16.99057480071177,18.68692247038457
613,0.66,759.5,318.5,220.5,3.5,3,0.4,2,15.29,17.89,16.96039232744122,18.81328344602984
614,0.66,759.5,318.5,220.5,3.5,4,0.4,2,15.09,18.36,16.93020985417067,18.93964442167511
615,0.66,759.5,318.5,220.5,3.5,5,0.4,2,15.3,18.15,16.900027380900124,19.06600539732038
616,0.64,784.0,343.0,220.5,3.5,2,0.4,2,19.2,21.72,17.650541571597085,19.004362361876773
617,0.64,784.0,343.0,220.5,3.5,3,0.4,2,18.88,22.07,17.62035909832654,19.130723337522042
618,0.64,784.0,343.0,220.5,3.5,4,0.4,2,18.9,22.09,17.59017662505599,19.25708431316731
619,0.64,784.0,343.0,220.5,3.5,5,0.4,2,19.12,21.93,17.55999415178544,19.38344528881258
620,0.62,808.5,367.5,220.5,3.5,2,0.4,2,16.76,17.36,18.3105083424824,19.321802253368972
621,0.62,808.5,367.5,220.5,3.5,3,0.4,2,17.23,17.38,18.28032586921185,19.448163229014245
622,0.62,808.5,367.5,220.5,3.5,4,0.4,2,17.26,16.86,18.250143395941304,19.574524204659514
623,0.62,808.5,367.5,220.5,3.5,5,0.4,2,17.15,16.99,18.219960922670754,19.700885180304784
624,0.98,514.5,294.0,110.25,7.0,2,0.4,3,32.82,32.78,31.407178300624125,31.912258358277413
625,0.98,514.5,294.0,110.25,7.0,3,0.4,3,32.69,33.24,31.376995827353575,32.03861933392268
626,0.98,514.5,294.0,110.25,7.0,4,0.4,3,32.23,33.86,31.346813354083025,32.16498030956795
627,0.98,514.5,294.0,110.25,7.0,5,0.4,3,32.75,34.0,31.31663088081248,32.29134128521322
628,0.9,563.5,318.5,122.5,7.0,2,0.4,3,34.24,37.26,33.60459320691547,34.139054335722776
629,0.9,563.5,318.5,122.5,7.0,3,0.4,3,34.95,35.04,33.57441073364492,34.265415311368045
630,0.9,563.5,318.5,122.5,7.0,4,0.4,3,35.05,33.82,33.54422826037437,34.391776287013315
631,0.9,563.5,318.5,122.5,7.0,5,0.4,3,34.29,33.31,33.51404578710382,34.518137262658584
632,0.86,588.0,294.0,147.0,7.0,2,0.4,3,31.28,35.22,32.36848399708665,33.32963240883479
633,0.86,588.0,294.0,147.0,7.0,3,0.4,3,32.12,34.7,32.3383015238161,33.45599338448006
634,0.86,588.0,294.0,147.0,7.0,4,0.4,3,32.05,30.11,32.30811905054556,33.582354360125336
635,0.86,588.0,294.0,147.0,7.0,5,0.4,3,31.84,31.6,32.277936577275,33.708715335770606
636,0.82,612.5,318.5,147.0,7.0,2,0.4,3,28.67,32.43,34.24546367122382,35.083970369427696
637,0.82,612.5,318.5,147.0,7.0,3,0.4,3,29.67,30.65,34.215281197953274,35.21033134507297
638,0.82,612.5,318.5,147.0,7.0,4,0.4,3,29.47,29.77,34.185098724682724,35.33669232071824
639,0.82,612.5,318.5,147.0,7.0,5,0.4,3,28.91,29.64,34.154916251412175,35.46305329636351
640,0.79,637.0,343.0,147.0,7.0,2,0.4,3,41.26,46.44,35.51393689373506,36.11985929547025
641,0.79,637.0,343.0,147.0,7.0,3,0.4,3,41.3,44.18,35.48375442046451,36.24622027111552
642,0.79,637.0,343.0,147.0,7.0,4,0.4,3,42.49,38.81,35.45357194719396,36.37258124676079
643,0.79,637.0,343.0,147.0,7.0,5,0.4,3,42.08,38.23,35.42338947392341,36.49894222240606
644,0.76,661.5,416.5,122.5,7.0,2,0.4,3,39.32,38.17,39.89549900021227,39.719508108993686
645,0.76,661.5,416.5,122.5,7.0,3,0.4,3,39.84,38.48,39.865316526941726,39.84586908463896
646,0.76,661.5,416.5,122.5,7.0,4,0.4,3,38.89,39.66,39.835134053671176,39.97223006028423
647,0.76,661.5,416.5,122.5,7.0,5,0.4,3,39.68,40.1,39.804951580400626,40.0985910359295
648,0.74,686.0,245.0,220.5,3.5,2,0.4,3,13.97,16.08,14.035321853057672,16.406498992982147
649,0.74,686.0,245.0,220.5,3.5,3,0.4,3,14.22,15.39,14.005139379787126,16.53285996862742
650,0.74,686.0,245.0,220.5,3.5,4,0.4,3,14.1,16.57,13.974956906516576,16.65922094427269
651,0.74,686.0,245.0,220.5,3.5,5,0.4,3,13.78,16.6,13.944774433246028,16.78558191991796
652,0.71,710.5,269.5,220.5,3.5,2,0.4,3,14.07,16.11,15.303795075568914,17.442387919024704
653,0.71,710.5,269.5,220.5,3.5,3,0.4,3,14.03,15.47,15.273612602298368,17.568748894669973
654,0.71,710.5,269.5,220.5,3.5,4,0.4,3,13.94,16.7,15.243430129027818,17.695109870315246
655,0.71,710.5,269.5,220.5,3.5,5,0.4,3,13.86,16.1,15.213247655757272,17.821470845960516
656,0.69,735.0,294.0,220.5,3.5,2,0.4,3,14.32,16.35,15.963761846454231,17.75982781051691
657,0.69,735.0,294.0,220.5,3.5,3,0.4,3,14.56,15.84,15.933579373183683,17.88618878616218
658,0.69,735.0,294.0,220.5,3.5,4,0.4,3,14.33,16.99,15.903396899913133,18.01254976180745
659,0.69,735.0,294.0,220.5,3.5,5,0.4,3,14.08,17.02,15.873214426642583,18.13891073745272
660,0.66,759.5,318.5,220.5,3.5,2,0.4,3,15.16,17.04,17.232235068965466,18.795716736559456
661,0.66,759.5,318.5,220.5,3.5,3,0.4,3,15.18,17.63,17.20205259569492,18.922077712204725
662,0.66,759.5,318.5,220.5,3.5,4,0.4,3,14.72,18.1,17.17187012242437,19.048438687849995
663,0.66,759.5,318.5,220.5,3.5,5,0.4,3,14.9,18.22,17.14168764915382,19.174799663495268
664,0.64,784.0,343.0,220.5,3.5,2,0.4,3,18.48,20.78,17.892201839850784,19.11315662805166
665,0.64,784.0,343.0,220.5,3.5,3,0.4,3,18.71,20.72,17.862019366580235,19.239517603696928
666,0.64,784.0,343.0,220.5,3.5,4,0.4,3,18.48,21.54,17.831836893309685,19.3658785793422
667,0.64,784.0,343.0,220.5,3.5,5,0.4,3,18.46,21.53,17.801654420039135,19.49223955498747
668,0.62,808.5,367.5,220.5,3.5,2,0.4,3,16.47,16.9,18.5521686107361,19.43059651954386
669,0.62,808.5,367.5,220.5,3.5,3,0.4,3,16.35,17.14,18.52198613746555,19.55695749518913
670,0.62,808.5,367.5,220.5,3.5,4,0.4,3,16.55,16.56,18.491803664195,19.6833184708344
671,0.62,808.5,367.5,220.5,3.5,5,0.4,3,16.74,16.0,18.46162119092445,19.809679446479674
672,0.98,514.5,294.0,110.25,7.0,2,0.4,4,32.85,32.95,31.64883856887782,32.0210526244523
673,0.98,514.5,294.0,110.25,7.0,3,0.4,4,32.67,33.06,31.61865609560727,32.14741360009757
674,0.98,514.5,294.0,110.25,7.0,4,0.4,4,32.21,33.95,31.588473622336725,32.27377457574284
675,0.98,514.5,294.0,110.25,7.0,5,0.4,4,32.74,33.88,31.558291149066175,32.40013555138811
676,0.9,563.5,318.5,122.5,7.0,2,0.4,4,36.45,33.98,33.84625347516916,34.24784860189766
677,0.9,563.5,318.5,122.5,7.0,3,0.4,4,35.73,39.92,33.816071001898614,34.374209577542935
678,0.9,563.5,318.5,122.5,7.0,4,0.4,4,35.4,39.22,33.785888528628064,34.500570553188204
679,0.9,563.5,318.5,122.5,7.0,5,0.4,4,36.57,36.1,33.755706055357514,34.626931528833474
680,0.86,588.0,294.0,147.0,7.0,2,0.4,4,32.38,31.53,32.610144265340345,33.43842667500968
681,0.86,588.0,294.0,147.0,7.0,3,0.4,4,31.66,36.2,32.579961792069795,33.56478765065495
682,0.86,588.0,294.0,147.0,7.0,4,0.4,4,32.15,36.21,32.54977931879925,33.69114862630022
683,0.86,588.0,294.0,147.0,7.0,5,0.4,4,32.75,31.0,32.5195968455287,33.81750960194549
684,0.82,612.5,318.5,147.0,7.0,2,0.4,4,28.93,28.2,34.48712393947751,35.192764635602586
685,0.82,612.5,318.5,147.0,7.0,3,0.4,4,28.05,32.35,34.45694146620697,35.319125611247856
686,0.82,612.5,318.5,147.0,7.0,4,0.4,4,28.64,31.14,34.42675899293642,35.445486586893125
687,0.82,612.5,318.5,147.0,7.0,5,0.4,4,29.52,28.43,34.39657651966587,35.571847562538395
688,0.79,637.0,343.0,147.0,7.0,2,0.4,4,42.77,38.33,35.75559716198875,36.22865356164513
689,0.79,637.0,343.0,147.0,7.0,3,0.4,4,41.73,47.59,35.7254146887182,36.3550145372904
690,0.79,637.0,343.0,147.0,7.0,4,0.4,4,41.32,46.23,35.69523221544765,36.48137551293567
691,0.79,637.0,343.0,147.0,7.0,5,0.4,4,42.96,39.56,35.665049742177104,36.60773648858095
692,0.76,661.5,416.5,122.5,7.0,2,0.4,4,40.68,40.36,40.137159268465965,39.828302375168576
693,0.76,661.5,416.5,122.5,7.0,3,0.4,4,40.4,39.67,40.10697679519542,39.954663350813846
694,0.76,661.5,416.5,122.5,7.0,4,0.4,4,40.6,39.85,40.07679432192487,40.08102432645912
695,0.76,661.5,416.5,122.5,7.0,5,0.4,4,40.11,40.77,40.04661184865432,40.20738530210439
696,0.74,686.0,245.0,220.5,3.5,2,0.4,4,14.37,16.61,14.27698212131137,16.515293259157037
697,0.74,686.0,245.0,220.5,3.5,3,0.4,4,14.48,16.74,14.246799648040822,16.641654234802306
698,0.74,686.0,245.0,220.5,3.5,4,0.4,4,14.32,16.9,14.216617174770274,16.76801521044758
699,0.74,686.0,245.0,220.5,3.5,5,0.4,4,14.44,17.32,14.186434701499726,16.89437618609285
700,0.71,710.5,269.5,220.5,3.5,2,0.4,4,14.6,16.85,15.545455343822614,17.551182185199593
701,0.71,710.5,269.5,220.5,3.5,3,0.4,4,14.7,17.2,15.515272870552064,17.677543160844863
702,0.71,710.5,269.5,220.5,3.5,4,0.4,4,14.47,17.23,15.485090397281514,17.803904136490132
703,0.71,710.5,269.5,220.5,3.5,5,0.4,4,14.66,17.74,15.454907924010968,17.930265112135405
704,0.69,735.0,294.0,220.5,3.5,2,0.4,4,14.54,16.81,16.20542211470793,17.868622076691796
705,0.69,735.0,294.0,220.5,3.5,3,0.4,4,14.62,16.88,16.17523964143738,17.99498305233707
706,0.69,735.0,294.0,220.5,3.5,4,0.4,4,14.53,16.9,16.14505716816683,18.12134402798234
707,0.69,735.0,294.0,220.5,3.5,5,0.4,4,14.71,17.39,16.114874694896283,18.24770500362761
708,0.66,759.5,318.5,220.5,3.5,2,0.4,4,15.34,17.86,17.473895337219165,18.904511002734345
709,0.66,759.5,318.5,220.5,3.5,3,0.4,4,15.29,17.82,17.443712863948615,19.030871978379615
710,0.66,759.5,318.5,220.5,3.5,4,0.4,4,15.09,18.36,17.413530390678066,19.157232954024884
711,0.66,759.5,318.5,220.5,3.5,5,0.4,4,15.3,18.24,17.38334791740752,19.283593929670154
712,0.64,784.0,343.0,220.5,3.5,2,0.4,4,19.06,21.68,18.13386210810448,19.22195089422655
713,0.64,784.0,343.0,220.5,3.5,3,0.4,4,19.13,21.54,18.10367963483393,19.348311869871818
714,0.64,784.0,343.0,220.5,3.5,4,0.4,4,19.0,22.25,18.07349716156338,19.474672845517087
715,0.64,784.0,343.0,220.5,3.5,5,0.4,4,18.84,22.49,18.043314688292835,19.60103382116236
716,0.62,808.5,367.5,220.5,3.5,2,0.4,4,16.44,17.1,18.793828878989796,19.53939078571875
717,0.62,808.5,367.5,220.5,3.5,3,0.4,4,16.9,16.79,18.763646405719246,19.66575176136402
718,0.62,808.5,367.5,220.5,3.5,4,0.4,4,16.94,16.58,18.733463932448696,19.79211273700929
719,0.62,808.5,367.5,220.5,3.5,5,0.4,4,16.77,16.79,18.70328145917815,19.91847371265456
720,0.98,514.5,294.0,110.25,7.0,2,0.4,5,32.84,32.88,31.890498837131517,32.12984689062719
721,0.98,514.5,294.0,110.25,7.0,3,0.4,5,32.72,33.23,31.86031636386097,32.25620786627246
722,0.98,514.5,294.0,110.25,7.0,4,0.4,5,32.21,33.76,31.83013389059042,32.38256884191773
723,0.98,514.5,294.0,110.25,7.0,5,0.4,5,32.73,34.01,31.799951417319875,32.508929817563
724,0.9,563.5,318.5,122.5,7.0,2,0.4,5,35.67,33.94,34.08791374342286,34.356642868072555
725,0.9,563.5,318.5,122.5,7.0,3,0.4,5,35.01,33.14,34.05773127015231,34.483003843717825
726,0.9,563.5,318.5,122.5,7.0,4,0.4,5,34.72,38.79,34.02754879688176,34.609364819363094
727,0.9,563.5,318.5,122.5,7.0,5,0.4,5,35.24,37.27,33.99736632361121,34.73572579500836
728,0.86,588.0,294.0,147.0,7.0,2,0.4,5,32.31,29.69,32.85180453359405,33.54722094118457
729,0.86,588.0,294.0,147.0,7.0,3,0.4,5,31.81,31.2,32.82162206032349,33.67358191682984
730,0.86,588.0,294.0,147.0,7.0,4,0.4,5,31.12,36.26,32.79143958705295,33.79994289247511
731,0.86,588.0,294.0,147.0,7.0,5,0.4,5,32.06,35.71,32.7612571137824,33.92630386812038
732,0.82,612.5,318.5,147.0,7.0,2,0.4,5,30.0,29.93,34.72878420773121,35.301558901777476
733,0.82,612.5,318.5,147.0,7.0,3,0.4,5,29.5,29.56,34.69860173446067,35.427919877422745
734,0.82,612.5,318.5,147.0,7.0,4,0.4,5,29.06,33.84,34.66841926119012,35.554280853068015
735,0.82,612.5,318.5,147.0,7.0,5,0.4,5,29.92,32.54,34.63823678791957,35.68064182871329
736,0.79,637.0,343.0,147.0,7.0,2,0.4,5,42.11,38.56,35.99725743024245,36.33744782782002
737,0.79,637.0,343.0,147.0,7.0,3,0.4,5,41.96,37.7,35.9670749569719,36.46380880346529
738,0.79,637.0,343.0,147.0,7.0,4,0.4,5,41.09,47.01,35.93689248370135,36.59016977911057
739,0.79,637.0,343.0,147.0,7.0,5,0.4,5,40.79,44.87,35.9067100104308,36.71653075475584
740,0.76,661.5,416.5,122.5,7.0,2,0.4,5,38.82,39.37,40.37881953671966,39.937096641343466
741,0.76,661.5,416.5,122.5,7.0,3,0.4,5,39.72,39.8,40.34863706344912,40.063457616988735
742,0.76,661.5,416.5,122.5,7.0,4,0.4,5,39.31,37.79,40.31845459017857,40.18981859263401
743,0.76,661.5,416.5,122.5,7.0,5,0.4,5,39.86,38.18,40.28827211690802,40.31617956827928
744,0.74,686.0,245.0,220.5,3.5,2,0.4,5,14.41,16.69,14.518642389565068,16.624087525331923
745,0.74,686.0,245.0,220.5,3.5,3,0.4,5,14.19,16.62,14.48845991629452,16.750448500977196
746,0.74,686.0,245.0,220.5,3.5,4,0.4,5,14.17,16.94,14.45827744302397,16.87680947662247
747,0.74,686.0,245.0,220.5,3.5,5,0.4,5,14.39,16.7,14.428094969753424,17.00317045226774
748,0.71,710.5,269.5,220.5,3.5,2,0.4,5,12.43,15.59,15.78711561207631,17.659976451374483
749,0.71,710.5,269.5,220.5,3.5,3,0.4,5,12.63,14.58,15.756933138805763,17.786337427019753
750,0.71,710.5,269.5,220.5,3.5,4,0.4,5,12.76,15.33,15.726750665535214,17.912698402665022
751,0.71,710.5,269.5,220.5,3.5,5,0.4,5,12.42,15.31,15.696568192264666,18.03905937831029
752,0.69,735.0,294.0,220.5,3.5,2,0.4,5,14.12,16.63,16.447082382961625,17.977416342866686
753,0.69,735.0,294.0,220.5,3.5,3,0.4,5,14.28,15.87,16.416899909691075,18.103777318511955
754,0.69,735.0,294.0,220.5,3.5,4,0.4,5,14.37,16.54,16.38671743642053,18.23013829415723
755,0.69,735.0,294.0,220.5,3.5,5,0.4,5,14.21,16.74,16.35653496314998,18.356499269802498
756,0.66,759.5,318.5,220.5,3.5,2,0.4,5,14.96,17.64,17.71555560547286,19.013305268909235
757,0.66,759.5,318.5,220.5,3.5,3,0.4,5,14.92,17.79,17.685373132202315,19.139666244554505
758,0.66,759.5,318.5,220.5,3.5,4,0.4,5,14.92,17.55,17.655190658931765,19.266027220199774
759,0.66,759.5,318.5,220.5,3.5,5,0.4,5,15.16,18.06,17.625008185661216,19.392388195845044
760,0.64,784.0,343.0,220.5,3.5,2,0.4,5,17.69,20.82,18.375522376358177,19.330745160401435
761,0.64,784.0,343.0,220.5,3.5,3,0.4,5,18.19,20.21,18.345339903087627,19.457106136046708
762,0.64,784.0,343.0,220.5,3.5,4,0.4,5,18.16,20.71,18.31515742981708,19.583467111691977
763,0.64,784.0,343.0,220.5,3.5,5,0.4,5,17.88,21.4,18.28497495654653,19.709828087337247
764,0.62,808.5,367.5,220.5,3.5,2,0.4,5,16.54,16.88,19.035489147243492,19.648185051893638
765,0.62,808.5,367.5,220.5,3.5,3,0.4,5,16.44,17.11,19.005306673972946,19.77454602753891
766,0.62,808.5,367.5,220.5,3.5,4,0.4,5,16.48,16.61,18.975124200702396,19.90090700318418
767,0.62,808.5,367.5,220.5,3.5,5,0.4,5,16.64,16.03,18.944941727431846,20.02726797882945
